Trader ID,Bad Score
1001,0.0020922204313988343
1002,0.00016547543184713113
1003,0.00036605603429478844
1004,0.0038992969054557555
1005,0.00909537643047408
1006,0.0008870212178102954
1007,0.03990626104421102
1008,0.0021812176424954653
1009,0.0
1010,0.00046708253984543486
1011,0.01244629578334732
1012,0.0
1013,0.011981309495886352
1014,0.003103460666094138
1015,0.0
1016,0.007578466896890132
1017,0.0
1018,0.0
1019,3.8577482250331337e-05
1020,0.0014515852925333754
1021,0.007221118900849185
1022,0.0
1023,0.001015504757530157
1024,6.84233990958335e-06
1025,0.0025624739509147692
1026,0.00032967805299268893
1027,0.003925855379761504
1028,0.00066019426849761
1029,6.42849987023827e-05
1030,0.0005986813128280635
1031,0.010491408344423473
1032,4.144491994974377e-06
1033,0.002327704709119873
1034,0.017965939982895356
1035,0.0021080751452103265
1036,0.0018461074775116834
1037,0.007149569264576158
1038,0.009085030582513857
1039,0.008711498170387426
1040,0.0006048157866211324
1041,0.010571091849730905
1042,0.023492479084016
1043,0.0031984790800746233
1044,0.0
1045,0.0
1046,0.0
1047,0.0
1048,0.015109442656284416
1049,0.006415654838769878
1050,0.00942171187907073
1051,0.0
1052,0.00015251112683630164
1053,5.1554610508474505e-05
1054,0.0012601658460058749
1055,4.164943425708308e-06
1056,0.0006118692649813298
1057,0.001596635464164471
1058,3.7305404492730574e-06
1059,6.727064413167622e-05
1060,0.0013940519236681388
1061,3.13578449337073e-06
1062,9.361931431324102e-05
1063,0.0
1064,0.0004573098679176332
1065,0.004230110352556458
1066,0.0
1067,0.0049538043241981735
1068,0.004741447349384367
1069,0.0
1070,0.00014326636565114016
1071,0.0010547270360811874
1072,0.001860034477662008
1073,0.0003640922313661603
1074,0.00618235921254939
1075,0.0034114872629038328
1076,0.016779145873266798
1077,0.0014985992229303244
1078,0.0
1079,0.005631453025044567
1080,0.0002486547358984857
1081,0.0
1082,0.0
1083,0.0006160568716901536
1084,0.011171138495106496
1085,0.0003374300017787092
1086,0.023086496469118055
1087,0.0012614109436940725
1088,0.03483266616262363
1089,0.0035708214871677897
1090,0.0
1091,0.0
1092,0.0001442726175617765
1093,0.002605131084886256
1094,0.01245833954080224
1096,9.529714338674327e-05
1097,6.705687655878964e-07
1098,0.003183015651023697
1099,0.014819888100022553
1100,0.00414326671316004
1101,0.0026664211958402923
1102,0.0
1103,0.007478083674952167
1104,0.004003630007307857
1105,0.004554014820880823
1106,0.0
1107,0.0005018916911603039
1108,0.006421629444438716
1109,0.0004923211280822722
1110,0.0007126490307106612
1111,1.4222619820879618e-05
1112,0.0030681513963893414
1113,1.5642235674866745e-05
1114,0.007202197713755047
1115,0.0
1116,6.774859504696833e-06
1117,0.001497173857884704
1118,1.029372239460916e-06
1120,0.00013953333317852875
1121,5.028138729610303e-05
1122,0.01091857236310718
1123,0.0016072218851674192
1124,1.0979831371405603e-06
1125,0.0002095466174209484
1126,0.0004590085969552462
1127,0.0002826265794008212
1128,0.0008242798392754466
1129,0.0024810025187271124
1130,0.0011988722850122414
1131,0.000409185024458496
1132,0.0
1133,0.003996859832512968
1134,0.0
1135,0.0
1136,0.0024452308075050286
1137,0.0006274474790498533
1138,0.009456855532236231
1139,0.005142179678903646
1140,0.00026683854061884974
1141,0.0004337976582788432
1142,0.0
1143,0.0029382098890238873
1144,0.034239805010370584
1145,0.0
1146,0.0
1147,0.014205184973310497
1148,0.0
1149,0.003191727660453624
1151,0.0
1152,0.0
1153,0.00010680463639216626
1154,0.0
1155,0.003602200889392981
1156,0.0001899242233966279
1157,0.0001238652767929887
1158,0.0010990177123292033
1159,0.00018469677455407735
1160,0.0
1161,0.010815747511361138
1162,0.0
1163,0.001548544556096328
1164,0.0
1165,0.0
1166,0.001929925235313687
1167,0.0
1168,0.0008323127401113076
1171,0.0003839565659891566
1172,0.0023751082148120127
1173,0.012440839301406381
1175,0.0021037620378753555
1176,0.0
1177,0.0
1178,4.0804593037535215e-05
1179,3.934962948028987e-05
1180,0.00015676105783567483
1181,0.004163801070601019
1182,0.000766223385639306
1183,0.0
1184,0.00079232028973867
1185,0.0
1186,0.0
1187,0.0007081484880808706
1188,2.8732454457301864e-05
1189,0.0010421099091096247
1190,1.9252778353850785e-05
1191,0.0
1192,0.0
1193,0.004272411687920999
1194,0.0017023719545754576
1195,0.0
1196,0.0003060387212639491
1197,0.002823303843493568
1198,0.0
1199,0.002753457729768853
1200,0.00032520434390867237
1201,0.012634332129078331
1202,0.0
1203,0.0
1204,6.516208951395569e-05
1205,0.013871664973044468
1206,6.890639204982868e-05
1207,0.0
1208,1.2974772949416837e-05
1209,0.00022948595185230152
1210,0.03006187483126968
1211,0.0
1212,0.001028166886412871
1213,0.0008613839467100207
1214,0.000736444163656851
1215,0.00010588470977790383
1216,0.0
1217,0.00017969613473044495
1218,0.0002093664777222921
1219,0.00017193996452391974
1220,0.001375147195173367
1222,0.00013169531946399994
1223,0.0
1224,0.003763713689939619
1225,0.0029910712775907513
1226,0.005466415826058794
1227,0.0
1228,0.0
1230,0.008109711437635312
1231,6.838302340524652e-05
1232,0.0
1234,3.7046705098595224e-05
1235,0.004961193206869215
1236,0.0002612620150385497
1237,0.0005004221017894501
1238,0.0006786917548292124
1239,0.008149108873787227
1240,0.0
1241,0.00010716300498429289
1242,4.7132790615364215e-05
1243,0.004390820711741152
1244,0.0
1245,0.003640814412636323
1246,0.006507254339868275
1247,0.0001431391552369237
1248,0.0021780356388776826
1249,0.004651706251774818
1250,0.0011615404739954652
1251,0.00016776229161561266
1252,0.0
1253,1.1972200834929721e-05
1254,7.788758204568369e-05
1255,6.395741368681181e-05
1256,0.010491408344423473
1258,0.005737299804480994
1259,0.010491408344423473
1260,9.930972752413469e-06
1261,3.0946052702961825e-05
1262,0.0
1263,0.0002979009247843065
1264,0.00016117282338449715
1265,0.0001684658210811348
1266,0.00011333808524000778
1267,0.00043600456511101786
1268,0.00021075117136325073
1269,0.0
1270,0.0004718009764550597
1272,0.0003906579097293875
1273,1.8423870531005174e-05
1274,0.0
1275,0.0
1276,0.005664713716928565
1278,0.0011337564430643223
1282,0.004349962690522194
1283,0.006961634090876621
1285,0.0005492906764435055
1286,0.0
1287,0.0
1288,5.3008825862504785e-05
1289,5.947151125100811e-05
1290,0.0
1291,5.0487170196098615e-05
1292,9.173802478296479e-05
1293,0.0
1294,1.3962646628303192e-05
1295,0.0
1296,0.0017877900739172816
1298,0.0
1300,0.0
1301,0.0
1302,0.0
1303,0.010491408344423473
1304,0.0
1305,0.000765103406217363
1306,0.0010186582824554225
1307,0.0
1308,2.4051924486144096e-05
1309,0.006616420416458468
1310,0.0014414242979037357
1311,0.00940426415995084
1312,1.8439262269188616e-05
1313,0.0
1314,6.670658604878438e-05
1315,1.386181361087034e-05
1316,4.335539929155027e-05
1317,2.9791736842982588e-05
1318,0.0006663140916509786
1319,0.0017933882548708873
1320,7.497990918021302e-06
1322,0.0
1323,0.0003353320389310453
1324,0.0004480734021449174
1325,0.0
1326,0.00301370204299937
1327,0.0032809651117006347
1328,0.0037138985997331674
1329,0.0
1330,0.0025413722819528045
1331,0.0001958919438147157
1332,0.0
1333,0.0
1335,0.0
1336,0.0
1337,0.00010001063832595205
1338,0.0
1339,9.859218329166857e-06
1340,0.0011928832454908421
1341,0.0004986506079266547
1342,0.00011577152804985277
1343,0.0
1344,0.0
1346,0.0
1347,0.0
1348,7.484145703001089e-05
1349,0.0020391436115010614
1350,0.0
1351,0.0
1352,2.6004977383002552e-05
1353,0.0
1354,0.0
1355,0.0005749301785254654
1356,0.006509167073088853
1357,0.0
1358,0.0007266978504742559
1359,1.5437282212295594e-05
1362,0.0
1363,0.0
1364,7.666752752723383e-05
1366,0.0
1367,0.0009375236373638231
1369,0.005678177053370296
1370,0.001644060772172837
1372,0.0
1373,0.00027111667685347866
1374,7.541016705530963e-05
1375,8.610115209057875e-05
1376,0.0006409568319150432
1377,0.004194276870073812
1379,0.0007812442619150036
1380,1.4345177390150379e-05
1381,0.0030429053648858982
1382,2.4678810988554923e-05
1383,0.0
1385,0.0
1387,0.0015172850759901484
1388,0.0
1389,0.0
1390,0.0010090232953135162
1391,0.0
1392,0.0
1393,0.010491408344423473
1395,0.0
1396,0.0
1397,0.0
1398,1.2473541621669908e-05
1400,0.00011055837603304802
1405,0.0002039871854743662
1406,0.00020844510864478582
1410,0.0
1411,4.89037498316219e-06
1412,0.0015156831673589137
1417,0.000544735621072579
1419,0.000977082851311965
1420,0.0
1421,0.0
1422,0.0
1423,0.0
1424,0.0
1425,0.0
1426,0.0021592232326042766
1427,0.0
1428,0.0008064900023985422
1429,0.0
1430,0.0012575001996529191
1431,0.0006003035305116736
1432,0.0
1433,0.0008671072378287308
1434,1.7637407269347936e-05
1436,0.0009479559878383848
1437,0.0
1438,0.0002721208018283019
1439,0.0005240292707059854
1440,0.0
1441,0.0
1443,0.0035421724018544
1444,0.0
1445,0.0
1446,0.0
1447,0.0
1449,0.0010916479110644661
1450,0.0
1451,0.0
1452,0.0
1453,0.0
1454,0.0
1456,0.0
1457,0.0
1458,5.8403598775657776e-05
1460,0.0
1461,0.0
1462,0.0
1463,9.530414493161233e-05
1464,0.0
1465,6.20815584612701e-06
1466,0.0
1469,0.0
1470,0.0
1471,0.0003483123012057458
1472,0.0
1473,0.00021032674697563734
1474,0.0
1475,0.0
1476,0.0
1480,0.012313169829516345
1481,0.0
1482,0.000937413699095824
1483,0.00013842669146030414
1484,0.0
1485,0.0
1488,0.00046118488214671316
1489,0.010582005643416208
1493,0.0003155816064198287
1495,0.0
1497,0.0
1498,0.0
1499,0.0
1500,0.0
1501,7.039074973740712e-05
1502,0.0006745541649356019
1503,0.0
1504,3.6993427815559327e-06
1505,0.0
1506,0.0
1508,0.0065077253190630666
1510,1.929539269926109e-05
1511,0.0
1513,0.0
1514,0.0
1515,0.0
1517,0.0008082258252088447
1518,0.0
1519,0.0
1520,0.0
1521,1.5193669621438802e-05
1522,5.506318051836467e-05
1523,0.0007175485127102949
1524,0.0
1525,0.0
1528,0.0
1529,0.0
1530,0.0030830862446928026
1531,3.811091585705868e-05
1533,0.0
1534,0.0007004703455194989
1535,0.0
1537,0.0
1539,0.0
1540,2.8074780889306674e-05
1541,0.0
1542,0.0
1543,0.0
1544,2.653870420710404e-06
1545,0.0
1546,0.00014127686445199568
1549,0.0017256692412082836
1550,3.905212161340719e-05
1551,0.0
1552,0.0
1553,0.0
1554,0.0
1555,0.0
1557,0.0
1558,0.0
1559,0.0
1562,0.010491408344423473
1565,8.00683602145042e-05
1566,0.0
1567,0.0001616211114916429
1568,0.0
1569,0.001100659156203087
1570,0.0001537481733582577
1571,0.0
1572,0.0
1573,0.0
1574,0.0015174280545650722
1575,0.0
1576,0.0
1579,0.0
1580,0.0004708117846251038
1581,0.0
1582,0.0
1584,0.0029787976375333152
1585,0.0
1588,0.0
1591,0.0
1592,0.0
1594,5.106335746418879e-06
1595,0.0
1596,0.0
1597,0.0
1598,0.0
1599,0.0
1600,0.0
1601,0.0
1602,0.0
1604,0.0
1606,0.0
1608,0.0
1609,0.0
1611,0.0
1612,0.0
1614,0.0
1616,0.0
1617,0.0
1623,0.0
1624,0.0
1626,0.013169673058694653
1627,0.0
1629,0.0
1632,2.2482732186486716e-05
1633,0.0
1634,0.0
1635,0.0
1638,0.0
1640,0.00325791295115868
1644,0.0
1645,0.0
1646,0.0
1647,0.0
1648,0.0
1649,0.0
1651,0.001673515678218882
1656,0.0
1657,0.0
1658,0.0
1659,0.0
1660,0.0
1664,0.0
1666,0.0
1668,0.010491408344423473
1669,0.0
1671,0.0
1672,0.0
1673,0.0
1676,0.0008472059619241179
1678,0.0
1679,0.0
1684,0.0
1686,0.0
1688,0.0
1689,0.0
1690,0.0
1691,0.0
1692,0.0
1694,0.0
1696,0.0
1698,0.0
1701,0.0
1702,0.0
1703,2.3760143367022572e-05
1708,0.0
1710,0.0
1716,0.0
1717,0.0
1720,0.0
1722,0.0
1723,0.0
1724,0.0
1725,0.0
1728,0.0
1729,0.0
1731,0.0
1732,2.430841186615793e-06
1733,0.0
1735,0.0
1739,0.0
1740,0.0
1743,0.0
1747,0.0
1748,0.0
1749,0.0
1750,0.0
1752,0.0
1753,0.0
1754,0.0
1755,0.0
1757,0.0
1758,0.0
1759,0.0
1762,0.0
1763,0.0
1764,0.0
1765,0.0
1766,0.0
1767,0.0
1769,0.000410724154153326
1770,0.0
1771,0.00168841083491409
1772,0.0
1774,0.0
1775,0.0
1776,0.0
1777,0.0
1778,0.0
1780,0.0
1783,0.0009962570928914085
1784,0.0
1785,4.667312828466563e-05
1786,0.0
1788,4.165877962257897e-05
1789,0.0
1790,4.163565486351586e-05
1793,0.0
1798,0.0
1800,0.0
1801,0.0
1802,0.0
1803,0.0
1804,0.0
1807,0.0
1808,0.0
1809,0.0
1811,0.0
1813,0.0022428691096796132
1816,0.0
1817,0.0
1818,0.0
1821,0.010491408344423473
1822,0.0
1824,0.0
1827,0.0
1828,0.0
1829,0.0
1830,1.908905985006828e-05
1832,0.0
1833,0.0
1835,0.0
1836,0.010535742245934865
1837,0.0
1838,0.0
1839,0.0
1845,0.0009407535217768409
1846,0.0
1849,0.0
1855,0.0
1857,0.0
1858,0.0
1859,0.0
1861,0.0
1862,0.0
1863,0.0
1864,0.0
1865,0.0
1866,0.0
1870,0.0
1871,0.0
1873,0.0
1874,0.0
1875,0.0
1877,0.0
1879,0.0
1881,0.0
1882,0.0
1886,0.0
1887,0.00011814722487973165
1891,0.0
1899,0.0
1901,0.0
1903,0.0
1906,0.0
1907,0.0
1914,0.0
1916,0.0
1917,0.0
1921,0.0
1925,0.0
1927,0.0
1930,0.0
1932,0.0
1933,0.0
1935,0.0
1939,0.0
1942,0.0
1944,0.010491408344423473
1946,0.0
1949,0.0
1950,0.0
1951,0.0
1953,0.0
1955,0.0
1956,0.0
1959,0.0
1960,0.0
1961,0.0
1962,0.0
1966,0.0
1969,0.0
1970,0.0
1971,0.0
1975,0.0
1977,0.0
1978,0.0
1980,0.0
1986,0.0
1990,0.0
1991,0.0
1995,0.0
1998,0.0
2000,0.0
2001,0.0
2003,0.0
2008,0.0
2012,0.0
2014,0.0
2017,0.0
2021,0.0
2023,0.0
2024,0.0
2025,0.0
2026,0.0
2027,0.0
2028,0.0
2031,0.0
2034,0.0
2036,0.0
2039,0.0
2043,0.0
2047,0.0
2050,0.0
2052,0.0
2053,0.0
2054,0.0
2057,0.0
2060,0.0
2061,0.0
2062,0.0
2066,0.0
2071,0.0
2072,0.0
2073,0.0
2075,0.0
2076,0.0
2078,0.0
2080,0.0
2081,0.0
2084,0.0
2085,0.0
2088,0.0
2089,0.0
2090,0.0
2093,0.0
2097,0.0
2100,0.0
2101,0.0
2104,0.0
2107,0.0
2108,0.0
2109,0.0
2111,0.0
2124,0.0
2126,0.0
2127,0.0
2136,0.0
2137,0.0
2142,0.0
2145,0.0
2146,0.0
2150,0.0
2151,0.0
2152,0.0
2158,0.0
2162,0.0
2164,0.0
2166,0.0
2168,0.0
2169,0.0
2170,0.0
2171,0.0
2172,0.0
2174,0.0
2177,0.0
2182,0.0
2184,0.0
2188,0.0
2189,0.0
2190,0.0
